提供,お渡し,お届け,プレゼント,ご用意
開始,スタート,はじめること,やりだすこと,幕開け
修正,手直し,リライト,書き直し,お直し
検討,考えること,悩み,相談,作戦会議
合意,握手,OK,納得,意思疎通
使用,使うこと,活用,使い回し
利用,活用,使うこと,使い倒し
確認,チェック,見てみる,目を通す,見直し
決定,決断,決めること,ジャッジ,腹をくくること
構築,組み立て,作ること,築くこと,立ち上げ
作成,準備,作ること,書くこと,仕上げ
購入,ゲット,お買い物,手に入れること,ポチること
販売,売ること,セールス,売り出し
解決,クリア,解消,スッキリすること,やっつけること
理解,納得,飲み込むこと,腹落ち,腑に落ちること
説明,お話,解説,レクチャー,紐解き
参加,ジョイン,加わること,混ざること,顔出し
成長,レベルアップ,伸びること,進化,育つこと
成功,大勝利,うまくいったこと,バッチリ,金星
失敗,ミス,やらかし,ドジ,つまづき
最重要,一番大事,キモ,外せない点,心臓部
重要,大事,大切,肝心,マスト
必要,要る,欠かせない,マスト,なくてはならない
困難,ムズい,厳しい,ハード,手強い
容易,カンタン,楽勝,サクッと,チョロい
可能,できる,OK,いける,やれる
不可能,ムリ,厳しい,ノーチャンス,お手上げ
明確,はっきり,くっきり,バレバレ,一目瞭然
詳細,詳しく,細かいとこ,ディテール,中身
迅速,サクッと,素早く,マッハで,速攻
アジェンダ,今日のメニュー,話し合うこと,テーマ,お題
エビデンス,証拠,根拠,裏付け,証し
コンセンサス,みんなの合意,納得感,握手,根回し
コミット,約束,本気出す,誓う,フルコミット
ローンチ,公開,スタート,お披露目,立ち上げ
ユーザー,使う人,お客さん,あなた,みんな
メリット,いいこと,嬉しい点,強み,お得な点
デメリット,弱点,気になるところ,悩みどころ,イマイチな点
コスト,お金,費用,出費,お財布へのダメージ
リスク,危険,落とし穴,怖いこと,地雷
プライオリティ,優先順位,やる順番,優先度
バッファ,余裕,ゆとり,予備,のりしろ
リソース,人手,時間,体力,パワー
ナレッジ,知恵,コツ,ノウハウ,秘伝のタレ
ノウハウ,コツ,やり方,秘訣,テクニック
ソリューション,解決策,答え,処方箋,特効薬
イノベーション,革新,新しい風,革命,新発明
パラダイムシフト,常識が変わること,劇的変化,天地がひっくり返ること
フィードバック,感想,コメント,意見,ダメ出し
マイルストーン,節目,通過点,チェックポイント
デフォルト,標準,基本,初期設定,元々の
オプション,おまけ,追加機能,トッピング
アサイン,割り当て,指名,役割,抜擢
インサイト,本音,気づき,発見,深層心理
オンスケ,予定通り,順調,スケジュール通り
キャッチアップ,追いつくこと,勉強,後追い
サマリー,まとめ,要約,あらすじ,ダイジェスト
ジャストアイデア,ただの思いつき,ふと思ったこと
タイト,きつい,余裕がない,パツパツ,カツカツ
バリアフリー,壁がない,使いやすい,スムーズ
プロパー,正社員,生え抜き,中の人
ペルソナ,ターゲット,想定読者,読んでほしい人
ユーザビリティ,使いやすさ,使い勝手
リバイバル,復活,再燃,ブーム再来
レジュメ,要約,職務経歴書,プリント
ロイヤルティ,忠誠心,愛着,ファン心理
バジェット,予算,お金,軍資金
アライアンス,提携,協力,タッグ,同盟
オポチュニティ,機会,チャンス,好機
コンプライアンス,法令遵守,ルール守り,コンプラ
サプライチェーン,供給網,調達ルート,物流
ブラッシュアップ,磨き上げ,手直し,推敲,練り直し
ボトルネック,弱点,詰まり,原因,ネック
マネタイズ,収益化,稼ぐこと,お金にする
メソッド,方法,やり方,方式,流儀
メンター,師匠,相談役,先生
リスケ,日程変更,延期,仕切り直し,予定変更
リテラシー,知識,理解度,使いこなす力
レガシー,遺産,古いもの,時代遅れ
レギュレーション,規則,ルール,規定
ロジック,理屈,論理,筋道
ワークフロー,手順,流れ,段取り
ワンストップ,一箇所で,まとめて,まるっと
アーカイブ,保存記録,過去ログ,倉庫
インキュベーション,起業支援,卵を温めること
インフラ,基盤,設備,土台,足回り
エクイティ,株,資産
エスカレーション,上司への報告,相談
オルタナティブ,代替案,代わりのもの
キュレーション,まとめ,選別,目利き
クラウド,ネット上,ウェブ上
グリップ,掌握,握る,おさえる
クロージング,締めくくり,契約,終わり
ケイパビリティ,能力,実力
サステナビリティ,持続可能性,エコ,ずっと続く
シナリオ,筋書き,脚本,ストーリー
スキーム,仕組み,枠組み,仕掛け
スクリーニング,選別,ふるい分け
セグメント,区分,グループ,層
ダイバーシティ,多様性,いろんな人
タスク,作業,やること,仕事
トラクション,実績,成長,勢い
ニッチ,隙間,マニアック,通好み
パラダイム,常識,枠組み
フェーズ,段階,時期,ステーズ
フレームワーク,枠組み,思考法,型
プロトタイプ,試作品,ベータ版
ベネフィット,利益,恩恵,いいこと
ペンディング,保留,先送り,お預け
ポテンシャル,可能性,潜在能力,伸びしろ
最適解,ベストな答え,正解,一番いいやつ
相違点,違うとこ,違い,ズレ
共通点,同じとこ,一緒のとこ,あるある
不確定要素,わからないこと,謎,未定なこと
懸念材料,心配なこと,不安要素,気がかり
判断材料,決めるための情報,ヒント,決め手
構成要素,パーツ,中身,成分
最終段階,ラスト,仕上げ,大詰め,ラストスパート
初期段階,最初,はじめ,序盤
準備段階,準備中,仕込み,下ごしらえ
代替案,代わりの案,プランB,別案
親和性,相性,マッチ度,馴染みやすさ
実効性,効き目,効果,インパクト
蓋然性,可能性,確からしさ
妥当性,もっともらしさ,適切かどうか,アリかどうか
信頼性,信用,信頼できるか,安心感
安全性,安全,安心
危険性,リスク,危なさ,ヤバさ
緊急性,急ぎ,切迫感,ヤバい状況
方向性,方針,進む道,向き,ベクトル
有用性,役立つこと,メリット,使えるかどうか
優位性,強み,有利な点,勝ち目
独自性,オリジナリティ,ユニークさ,らしさ
継続性,続くこと,持続
関係性,仲,つながり,関係
具体性,中身,リアリティ,具体例
最適化,ベストにする,調整する,ピッタリにする
効率化,ムダを省く,楽にする,テキパキやる
最大化,目一杯にする,限界まで増やす,MAXにする
最小化,一番減らす,抑える,ミニマムにする
可視化,見える化,はっきりさせる,グラフにする
言語化,言葉にする,口に出す,説明する
数値化,数字にする,計算する
表面化,表に出る,バレる,明るみに出る
顕在化,はっきりする,目に見えるようになる
深刻化,ひどくなる,悪化する,泥沼化
活発化,盛り上がる,動き出す,ヒートアップ
形骸化,中身がなくなる,意味がなくなる,抜け殻
陳腐化,古くなる,時代遅れになる,オワコン化
ブラックボックス化,中身がわからなくなる,闇鍋
一般化,広まる,当たり前になる,メジャーになる
義務化,強制になる,ルールになる,必須になる
多様化,いろいろ増える,バラエティ豊かになる
複雑化,ややこしくなる,絡まる
差別化,違いを出す,差をつける,キャラ立ち
共有化,シェア,みんなで持つ
システム化,仕組み化,自動化
デジタル化,IT化,ハイテク化
モバイル化,スマホ対応
オンライン化,ネット対応
グローバル化,世界進出
個人化,パーソナライズ,自分専用
老朽化,ボロボロになる,ガタが来る
活性化,元気になる,盛り上げ
本格化,本腰を入れる,進む
透明性,クリアなこと,隠し事がないこと
脆弱性,弱点,穴,もろさ
革新的,新しい,珍しい,今までにない,画期的
劇的,すごい,大きな,かなりの,ドラマチック
究極,一番の,とっておきの,ファイナル
至高,最高,とてもいい,神
無限,たくさんの,数え切れない,底なし
輝かしい,明るい,いい感じの,キラキラした
情熱的,やる気のある,熱い,アツい
魔法のような,便利な,嘘みたいな,チート級の
夢のような,信じられない,すごい,ドリーム
圧倒的,すごい,ずば抜けた,ぶっちぎり
驚異的,すごい,びっくりするような,ハンパない
比類なき,一番の,他にはない,唯一無二
洗練された,おしゃれな,きれいな,シュッとした
ワンランク上の,ちょっといい,良さげな,高級な
彩り豊かな,いろいろな,カラフルな
心躍る,ワクワクする,楽しい,胸アツ
感動的,すごい,グッとくる,エモい
没入感,ハマれる,集中できる,沼
切り拓く,作る,始める,進む
解き放つ,出す,発揮する,見せる
一変させる,変える,ガラッと変える,ひっくり返す
変革する,変える,直す
昇華する,活かす,良くする
体験する,やってみる,使う,味わう
手に入れる,買う,もらう,ゲットする
享受する,受ける,もらう,味わう
探求する,探す,調べる,深掘りする
可能性,見込み,チャンス,余地,ワンチャン
新時代,これから,新しい流れ,ネクストフェーズ
旅路,道のり,過程,プロセス
体験,こと,経験,思い出
情熱,やる気,熱意,パッション
奇跡,ラッキー,すごいこと,ミラクル
運命,巡り合わせ,流れ,定め
絆,つながり,仲,結束
調和,バランス,まとまり
融合,ミックス,組み合わせ,合体
結晶,成果,集まり,塊
愛用,気に入って使う,いつも使う,ヘビロテ
安住,甘える,満足する,ぬるま湯につかる
暗躍,裏で動く,こっそり動く
一任,任せる,全部頼む,丸投げ
謳歌,楽しむ,満喫する
横行,広まる,はびこる
介在,挟まる,間に入る
画策,企む,計画する
渇望,欲しがる,強く望む
敢行,思い切ってやる,強行する
看破,見抜く,見破る,お見通し
急増,一気に増える,急に増える,バズる
激減,ガクッと減る,激しく減る
拮抗,張り合う,いい勝負になる,トントン
起因,原因になる,せいだ
苦慮,頭を抱える,悩む
傾注,力を注ぐ,打ち込む
迎合,調子を合わせる,媚びる,日和る
牽引,引っ張る,リードする
言明,はっきり言う,断言する
誇示,見せびらかす,自慢する,ドヤる
固執,こだわる,しがみつく
錯綜,ごちゃごちゃになる,入り混じる
散見,ちらほら見る,見かける
指南,教える,アドバイスする
熟読,じっくり読む
熟考,よく考える,考え込む
称賛,褒める,たたえる,絶賛
推察,察する,予想する
推奨,おすすめする,推す,レコメンド
崇拝,崇める,リスペクトする
切望,強く願う,待ち焦がれる
選定,選ぶ,チョイス
増大,増える,大きくなる
即答,すぐ答える,即レス
待機,待つ,スタンバイ
大別,大きく分ける
脱却,抜け出す,卒業する
探知,見つける
直言,はっきり言う,ぶっちゃける
痛感,思い知る,身にしみる
提言,提案する,アドバイスする
点検,チェックする
伝播,伝わる,広がる
踏襲,真似る,受け継ぐ,コピペ
突入,入る,突っ込む
難航,手こずる,うまくいかない
反目,対立する,仲が悪くなる
非難,責める,文句を言う,ディスる
疲弊,疲れ果てる,バテる,HPゼロ
払拭,消し去る,なくす
噴出,吹き出す,一気に出る
閉口,参る,うんざりする
変貌,変わる,生まれ変わる,イメチェン
包括,まとめる,含める
没頭,ハマる,夢中になる,沼る
埋没,埋もれる
蔓延,広がる,はびこる
無視,スルーする,シカトする
明記,はっきり書く
模倣,真似する,パクる,TTP
躍進,大活躍する,伸びる,ブレイク
猶予,待つ,モラトリアム
落胆,がっかりする,落ち込む,凹む
濫用,使いすぎる,悪用する
列挙,並べる,羅列
連携,協力する,組む
露呈,バレる,表に出る
歪曲,曲げる,ねじ曲げる
暗礁,行き詰まり,ピンチ
畏敬,リスペクト,恐れ多い
意匠,デザイン,工夫
一端,一部,片鱗
逸話,エピソード,話,ネタ
因習,古い習わし,しきたり
迂回,回り道
英知,知恵
沿革,歴史,歩み
臆測,勘ぐり,勝手な予想
恩恵,恵み,メリット,いいこと
界隈,あたり,周辺,グループ,クラスター
核心,大事なとこ,心臓部,コア
隔絶,かけ離れた,断絶
瑕疵,ミス,欠陥,キズ
喝采,拍手,賞賛
観点,見方,視点,切り口
関与,関わり,コミット
含蓄,深い意味
幾多,たくさん,数々
機微,細かい事情,デリケートな点
脚色,味付け,演出,盛ること
窮地,ピンチ,どん底,崖っぷち
享楽,遊び,快楽
巨万,莫大な,すごい量の
琴線,心,ツボ
近道,ショートカット
苦境,ピンチ,つらい状況,修羅場
形跡,跡,痕跡
敬慕,憧れ,推し
懸念,心配,不安
限度,限界,リミット
言質,証拠,約束
公算,見込み,可能性
好転,良くなること
高揚,盛り上がり,テンション,アゲアゲ
誤謬,間違い,ミス
混迷,混乱
差異,違い,差
采配,指揮,指図
昨今,最近,この頃
些事,細かいこと,どうでもいいこと
斬新,新しい,ユニーク
嗜好,好み,フェチ
至難,超難しい,困難,無理ゲー
自負,自信,プライド
羞恥,恥じらい,恥
主眼,狙い,ポイント
逡巡,ためらい
焦燥,焦り
消息,連絡,行方
諸般,いろいろな
所用,用事
真偽,本当かどうか
辛辣,手厳しい,キツイ
推敲,手直し,リライト
趨勢,流れ,トレンド
生計,暮らし,生活
正鵠,的,ツボ
成否,うまくいくか
惜敗,あと一歩で負け
絶大,ものすごい
前兆,兆し,予感,フラグ
全貌,全体像
相違,違い
創意,アイデア
即席,にわか,その場の
素地,ベース,基礎
他意,下心,別の意味
大差,大きな違い
知己,知り合い
知見,知識,ノウハウ
茶番,バカげたこと,ネタ
中庸,ほどほど,バランス
著名,有名
追随,真似,パクリ
通念,常識
呈示,見せること
転機,きっかけ,ターニングポイント
当惑,戸惑い
独創,オリジナル
突発,いきなり
難癖,いちゃもん,文句
難点,悪いとこ,デメリット
念願,ずっと願ってた
波紋,影響,騒ぎ
反古,破ること,無しにすること
比肩,並ぶ,匹敵する
卑小,ちっぽけ
必須,絶対いる,マスト
不運,ついてない
符牒,合言葉
不備,ミス,抜けてるとこ
不評,評判悪い
不憫,かわいそう
不毛,無駄,意味ない,オワコン
別段,特に
変遷,移り変わり
片鱗,一部,兆し
放逐,追い出す
本懐,願い,本望
枚挙,数えること
邁進,突き進む
末路,最後,成れの果て
未曾有,前代未聞
名声,評判
面目,メンツ,顔
猛進,突き進む
揶揄,からかい,ディスり
唯物,物重視
予見,予想
余地,余裕,スペース
雷同,真似する
落着,決着
流布,広まる
流儀,やり方,スタイル
歴然,はっきりしている
老練,ベテラン,熟練
論拠,根拠
歪曲,ねじ曲げ
暗中模索,手探り
意気投合,気が合う
異口同音,みんな同じこと言う
以心伝心,言わなくても通じる
一日千秋,待ち遠しい
一念発起,思い切って
一網打尽,まとめて捕まえる
一目瞭然,バレバレ,見ればわかる
一蓮托生,運命共同体,道連れ
一攫千金,大儲け,ワンチャン
右往左往,あたふた,うろうろ
雲散霧消,消えてなくなる
栄枯盛衰,浮き沈み
温故知新,昔に学ぶ
快刀乱麻,テキパキ
隔靴掻痒,もどかしい
我田引水,自分勝手
画竜点睛,仕上げ
起死回生,大逆転,リベンジ
喜怒哀楽,感情
急転直下,いきなり,急展開
興味津々,気になる
玉石混淆,ごちゃ混ぜ,ピンキリ
虚心坦懐,素直に
言行一致,有言実行
捲土重来,リベンジ,再起
厚顔無恥,図々しい
公明正大,フェア,隠し事なし
孤立無援,ぼっち,助けがない
五里霧中,迷子,わけわからん
言語道断,ありえない
自画自賛,自慢,自画自賛
自業自得,自分のせい
四面楚歌,敵だらけ
取捨選択,選ぶ
首尾一貫,ブレない
順風満帆,順調,イケイケ
支離滅裂,めちゃくちゃ
心機一転,気分を変えて
針小棒大,大げさ,盛る
晴耕雨読,のんびり暮らす
切磋琢磨,競い合う,高め合う
絶体絶命,大ピンチ
千差万別,いろいろ
前代未聞,初めて,ありえない
大器晩成,遅咲き
単刀直入,ズバリ
朝令暮改,コロコロ変わる
徹頭徹尾,最初から最後まで,ぶれない
天変地異,災害
東奔西走,駆け回る,走り回る
二束三文,タダ同然,激安
日進月歩,どんどん進む
馬耳東風,スルー
半信半疑,疑ってる,まじかよ
百発百中,絶対当たる
品行方正,真面目
不言実行,黙ってやる
付和雷同,流される
粉骨砕身,死ぬ気で
傍若無人,勝手気まま,ジャイアン
本末転倒,意味ない
無我夢中,必死,ガチ
無味乾燥,面白くない,砂を噛むよう
優柔不断,決められない
有名無実,名前だけ
臨機応変,柔軟に,アドリブで
あえて,わざわざ,無理に
あくまで,どこまでも,徹底的に
あながち,必ずしも,強ち
あまりに,すごく,超,やりすぎなほど
あわよくば,運が良ければ,うまくいけば,ワンチャン
いかに,どれだけ,どんなに
いかにも,本当に,まさに,それっぽい
幾分,ちょっと,多少
いざ,さあ,もしもの時
一切,全然,全く
一向に,ちっとも,全然
一様に,みんな,揃って
一律に,みんな,全部
一連の,一通りの
一概に,ひとくくりに
一挙に,一気に,まとめて
一見,パッと見
一掃,無くす,片付ける
依然,まだ,相変わらず
至って,すごく,とても
いつしか,いつの間にか
今更,今になって
いやしくも,仮にも
およそ,だいたい,約,ざっくり
概して,だいたい,一般的に
かえって,逆に
かくして,こうして
かつて,昔,前に
辛うじて,なんとか,ギリギリ
敢えて,わざと,無理に
幾多の,たくさんの
奇しくも,偶然にも
極めて,ものすごく,超
極力,なるべく,できるだけ
ことごとく,全部,ことごとく
殊の外,思いのほか,予想以上に
ことさら,わざわざ,特に
さらに,もっと,おまけに
直に,直接,ダイレクトに
頻りに,何度も,しょっちゅう,鬼のように
終始,ずっと
徐々に,だんだん,少しずつ
甚だ,すごく,とても
直ちに,すぐに,速攻で
たちまち,すぐに,あっという間に,秒で
単に,ただ
逐一,いちいち,全部
ついに,やっと,とうとう
努めて,なるべく
つぶさに,詳しく
てんで,全然,まるで
到底,どうやっても,とても
当分,しばらく
突如,いきなり
とりわけ,特に
なんら,何も,少しも
軒並み,どれもこれも,みんな
はなはだ,すごく
ひとえに,ひたすら,ただ
独り,ただ
不意に,急に,いきなり
ふんだんに,たっぷりと
遍く,広く
まんまと,うまく
未だ,まだ
むやみに,やたらと
無論,もちろん
もっぱら,ひたすら
元来,もともと
やたら,すごく,めちゃくちゃ
やや,ちょっと
ようやく,やっと
よしんば,仮に
よもや,まさか
割に,結構,意外と
あるいは,もしくは,または,あるいは
いっぽう,その代わり,逆に
および,あと,それと
かつ,それに,あと
したがって,だから,なので
すなわち,つまり
ただし,でも,ただ
ちなみに,ついでに
なお,あと
ならびに,あと
ひいては,さらには
もしくは,または
ゆえに,だから
よって,だから
因って,なので
併せて,一緒に
加えて,あと,さらに,おまけに
反面,逆に
抑々,そもそも
あいまい,はっきりしない,微妙な,ふわっとした
あくどい,悪い
浅はか,考えが浅い
あさましい,みっともない
あっけない,すぐに終わった,物足りない
著しい,すごい
いかがわしい,怪しい
潔い,かっこいい,さっぱりした
うさんくさい,怪しい,胡散臭い
おびただしい,すごい,ものすごい,大量の
おぼつかない,頼りない,危なっかしい
思わしい,良い
堅苦しい,真面目すぎる,お堅い
好ましい,いい
騒がしい,うるさい
すがすがしい,気持ちいい
すさまじい,ものすごい,ハンパない
切ない,悲しい
絶え間ない,ずっと続く,ひっきりなし
たわいない,しょうもない
つつましい,控えめな
尊い,すごい,大事な,てぇてぇ
悩ましい,困った
甚だしい,ひどい
久しい,長い
ふさわしい,ぴったりな,合った
紛らわしい,ややこしい
待ち遠しい,楽しみな
見苦しい,みっともない
目覚ましい,すごい
申し分ない,完璧な
物足りない,イマイチな
やかましい,うるさい
ややこしい,面倒な
喜ばしい,嬉しい
煩わしい,面倒な,うざい
獲得,ゲット,手に入れる,つかみ取る,モノにする
確保,キープ,とっておく,押さえる
維持,保つ,キープする,守る
管理,面倒を見る,チェックする,まとめる
監視,見張る,じろじろ見る,チェックする
監督,指図する,見守る,コーチする
観測,見る,観察する,見守る
完了,おしまい,終わる,コンプリート,フィニッシュ
完遂,やり遂げる,やり切る,ゴールする
緩和,ゆるめる,和らげる,マシにする
還元,お返し,バックする,戻す
帰結,落ち着く,行き着く,結局こうなる
記述,書く,メモする,記す
希求,強く願う,追い求める
規定,ルール,決まり
享受,味わう,受け取る,楽しむ
共有,シェア,分かち合う,みんなで持つ,教え合う
許容,OKする,認める,許す
拒絶,断る,NOと言う,はねのける,拒む
居住,住む,暮らす
起用,使う,抜擢する,指名する
記録,メモ,ログ,書き残すこと
議論,話し合い,トーク,激論
吟味,よく選ぶ,じっくり選ぶ,品定め
空転,空回り,進まない
具体化,形にする,はっきりさせる
駆使,使いこなす,フル活用,使い倒す
構築,作る,組み立てる,築く
向上,アップ,良くなる,上がる
拘束,縛る,捕まえる
考慮,考える,計算に入れる,頭に入れる
枯渇,なくなる,尽きる,空っぽになる
固定,固める,動かさない
誇張,盛る,大げさに言う,話を膨らませる
固執,こだわる,しがみつく
雇用,雇う,採用する
混乱,パニック,ごちゃごちゃ,テンパる
採用,採る,使う,OKする
再開,また始める,リスタート
削減,減らす,削る,カット
策定,作る,決める,練る
錯乱,取り乱す,わけわからなくなる
刷新,リニューアル,新しくする,一新
殺到,押し寄せる,わっと集まる,パンクする
参加,加わる,混ざる,ジョイン
参照,見る,参考にする
賛同,賛成,いいね,同意
散乱,散らかる,ぐちゃぐちゃ
支援,助ける,サポート,応援,手伝う
指摘,ツッコむ,言う
指導,教える,コーチする
始動,動き出す,スタート
支配,コントロール,操る,牛耳る
支払い,お会計,払うこと
指標,目安,物差し,バロメーター
示唆,ヒント,匂わせ,暗示
持続,続く,長持ち,キープ
執着,こだわる,しがみつく
執筆,書く,ライティング
失敗,ミス,やらかし,ドジ
嫉妬,ヤキモチ,うらやむ
実証,証明,確かめる
質問,聞くこと,Q&A
実現,叶う,形になる,できる
実行,やる,動く,アクション
実践,やってみる,試す
実動,実際に動く
指定,決める,指す
修正,直す,手直し,リライト
修復,直す,元通りにする
収録,録音,録画
収集,集める,拾う
就任,なる,着く
収束,落ち着く,収まる
集約,まとめる,集める
受容,受け入れる,飲み込む
重要視,大事にする,重く見る
出没,現れる,出る
循環,回る,巡る,ループ
順守,守る
遵守,守る
準拠,従う,基づく
使用,使う
上昇,上がる,アップ
焦燥,焦り,イライラ
承諾,OK,いいよと言う
承認,認める,ハンコを押す,OK
消滅,消える,なくなる
消耗,疲れる,すり減る,バテる
掌握,握る,掴む
奨励,勧める,プッシュする
所在,居場所,ありか
所有,持つ,マイ
処理,さばく,こなす,片付ける
指令,命令,指示
浸透,広まる,染み渡る
診断,チェック,見立て
進捗,進み具合,進展
進展,進む,動きがある
振動,揺れ,震え
進入,入る,突っ込む
侵入,入る,忍び込む
信頼,信じる,信用
辛抱,我慢,耐える
推移,移り変わり,変化
遂行,やり遂げる,こなす
推測,予想,勘
推薦,おすすめ,プッシュ
制御,コントロール,抑える
制限,リミット,縛り
成功,うまくいった,勝利
精査,よく調べる,詳しく見る
制作,作る
生産,作る,生み出す
生存,生き残る
整頓,片付ける,きれいにする
誓約,約束,誓い
節約,ケチる,抑える
設置,置く,取り付ける
説明,話す,解説
設立,立ち上げ,作る
選考,選ぶ,オーディション
選出,選ぶ
選定,選ぶ
選択,選ぶ,チョイス
宣伝,アピール,PR
専念,集中する,打ち込む
占領,独り占め,乗っ取る
送付,送る
即決,即決める,すぐ決める
促進,進める,後押し
束縛,縛る
測定,測る
存続,続く,生き残る
存在,ある,いる
損失,損,マイナス,ダメージ
損傷,傷,ダメージ
対応,やる,相手する,向き合う
対抗,張り合う,逆らう
退職,辞める
対処,なんとかする,片付ける
退治,やっつける
代謝,生まれ変わり
貸借,貸し借り
対戦,戦う,バトル
代替,代わり
対立,揉める,ぶつかる
打開,切り抜ける,突破する
妥協,折れる,歩み寄り
奪還,取り返す
脱出,逃げる,抜け出す
達成,クリア,やり遂げる
脱退,抜ける,辞める
探求,追い求める,深掘り
探索,探す
短縮,縮める
断絶,切れる,途絶える
断定,決めつける,言い切る
担当,受け持ち
蓄積,溜める,ストック
着手,取り掛かる,始める
着想,思いつき,アイデア
着目,注目,目を付ける
着陸,降りる
中断,ストップ,一旦止める
注入,入れる,注ぐ
抽出,抜き出す,取り出す
忠告,アドバイス,注意
注釈,メモ,補足
躊躇,ためらう,迷う
重複,被る,ダブる
聴取,聞く
挑戦,チャレンジ,やってみる
調達,持ってくる,仕入れる
調節,合わせる,整える
調整,合わせる,整える
貯蓄,貯金
直面,ぶつかる,出くわす
著作,書いたもの,本
貯蔵,しまっておく,保存
直結,つながる
沈黙,黙る,スルー
追及,問い詰める
追求,追い求める
追跡,追いかける
通告,知らせる,言う
痛感,思い知る
通知,お知らせ,連絡
通訳,訳す
墜落,落ちる
停止,止まる,ストップ
提示,見せる,出す
訂正,直す
停滞,止まる,進まない
提提,提案,出す
徹底,やり抜く,貫く
撤廃,なくす
撤退,引く,辞める
手配,準備,段取り
転換,変える,切り替える
転勤,異動,引っ越し
点検,チェック
伝言,メッセージ
伝達,伝える
転倒,転ぶ
展開,広げる,進める,繰り広げる
転落,落ちる
投下,落とす,投入する
統合,まとめる,一つにする
倒産,つぶれる
投資,お金を使う,つぎ込む
統制,コントロール,取り締まり
統率,まとめる,リードする
到達,着く,届く
到着,着く
淘汰,消える,選別される
同調,合わせる,乗っかる
投入,入れる,つぎ込む
導入,入れる,取り入れる
逃亡,逃げる,バックれる
登録,入る,申し込む
討論,話し合い,議論
特化,絞る,専門にする
特定,突き止める
督促,催促,せっつく
独占,独り占め
突入,入る,突っ込む
突破,抜ける,超える
内包,含む,持ってる
納得,わかる,腹落ち
任命,指名,任せる
燃焼,燃える
納入,納める,入れる
把握,つかむ,わかる,飲み込む
排気,出す
廃棄,捨てる
拝借,借りる
排除,のける,外す,ハブる
賠償,弁償,償い
配送,届ける,送る
配達,届ける
配置,置く,並べる
配布,配る
敗北,負け
破壊,壊す,ぶっ壊す
派遣,送る
発言,言う,しゃべる
発見,見つける
発行,出す
発散,出す,晴らす
発射,撃つ,飛ばす
発生,起きる,出る
発想,思いつき,アイデア
発達,進む,育つ
発展,伸びる,広がる
発表,言う,知らせる
発掘,見つけ出す,掘り出す
発明,作る,生み出す
抜粋,抜き出す,つまみ食い
反映,活かす,取り入れる
反撃,言い返す,やり返す
反射,跳ね返る
繁盛,流行る,賑わう
反省,振り返る
反対,NOと言う,嫌だと言う
判断,決める,ジャッジ
反応,リアクション,手応え
販売,売る
反発,逆らう,反抗
判明,わかる,バレる
比較,比べる,見比べる
批准,認める
否認,認めない
批判,文句,ディス
批評,レビュー,評価
疲労,疲れ,バテ
貧困,貧乏,金欠
普及,広まる,流行る
復帰,戻る
復旧,直る,戻る
払拭,消す,ぬぐう
物体,モノ
沸騰,湧く,盛り上がる
不満,文句,不平
付与,あげる,付ける
浮揚,浮く,上がる
不用,いらない
付録,おまけ
分割,分ける
噴出,吹き出す
紛失,なくす
奮闘,頑張る
分配,分ける,配る
分離,分ける,離す
閉鎖,閉じる
並列,並べる
変革,変える
返却,返す
変更,変える
返済,返す
変遷,移り変わり
変貌,変わる
崩壊,崩れる,ダメになる
妨害,邪魔
放棄,捨てる,やめる
暴言,悪口
奉仕,サービス,尽くす
放置,放っておく,ほったらかす
訪問,行く,訪ねる
飽和,パンパン,いっぱい
捕獲,捕まえる
補給,足す,チャージ
補強,強くする
保護,守る
誇示,見せびらかす
保持,持つ,保つ
補充,足す
募集,集める,募る
保証,約束する
保存,とっておく
補足,付け足し,おまけ
没収,取り上げる
没頭,ハマる,夢中
勃発,起きる
保留,預かり,ペンディング
翻訳,訳す
埋没,埋もれる
摩擦,揉め事,すれ違い
満足,ハッピー,十分
未定,決まってない
密着,くっつく
無視,スルー,シカト
矛盾,おかしい,合わない
模索,手探り,探す
没収,取り上げる
躍進,大活躍,ブレイク
約束,誓い
融合,混ざる,ドッキング
融資,貸す
優勝,ナンバーワン,トップ
優先,先にする,大事にする
誘導,導く
遊牧,さすらう
誘惑,そそのかす
要請,お願い,頼む
容認,認める
予防,防ぐ
予期,予想
抑制,抑える
予言,予知
予測,予想
予知,予感
了解,OK,わかった
理解,わかる,飲み込む
離脱,抜ける,辞める
利用,使う
留意,気をつける
流出,漏れる
了解,わかった
領収,受け取る
両立,どっちもやる
旅行,旅
冷却,冷やす
励行,しっかりやる
列挙,並べる
連携,協力,組む
連結,つなぐ
連想,思い浮かべる
連続,続く
連絡,知らせる
露呈,バレる
論争,言い合い,バトル
歪曲,曲げる
湾曲,曲がる
愛着,好き,ファン
合間,隙間
曖昧,はっきりしない,微妙
青写真,計画,プラン
足掛かり,きっかけ
足かせ,邪魔,重荷
圧巻,すごい,圧倒的
圧倒,すごい,ボロ勝ち
斡旋,仲介,紹介
軋轢,摩擦,不仲
異議,文句,反対
意向,考え,つもり
移行,移る
委縮,ビビる
依存,頼る,おんぶに抱っこ
委託,頼む,任せる
一因,原因のひとつ
一環,一部
一新,リニューアル
一転,ガラッと変わる
一変,様変わり
意図,狙い,ワケ
異論,反対意見
因果,原因と結果
隠蔽,隠す
迂回,遠回り
有無,あるなし
運用,回す,オペレーション
会見,発表
乖離,ズレ
瓦解,崩れる
拡散,広める,バラ撒く
革新,新しい,革命
確信,自信
確定,決定,決まり
過言,言い過ぎ
瑕疵,ミス,キズ
仮説,予想
過疎,人がいない
合致,合う,ぴったり
喝破,見抜く,言い当てる
活動,動き
活用,使う,活かす
過度,やりすぎ
加入,入る
加味,加える,考慮する
関与,関わる
緩和,ゆるめる
歓喜,大喜び
完結,終わり
還元,お返し
看過,見過ごす,スルー
勘案,考える
勧誘,誘う
慣例,いつもの,お決まり
管理,チェック
完了,終わり
緩和,ゆるめる
関与,関わる
含有,含む
含有,含む
既知,知ってる
機転,機転がきく
既存,今の,すでにある
寄与,役立つ,貢献
危惧,心配,恐れ
帰属,所属
起点,始まり
喜憂,一喜一憂
杞憂,心配しすぎ
既定,決まってる
規定,ルール
機動,動き
機能,働く,役目
規模,大きさ
規範,ルール,手本
起伏,アップダウン
究明,突き止める
驚異,すごい
脅威,怖い
享受,味わう
供与,あげる
許容,OK,あり
距離,間隔
寄与,役立つ
議論,話し合い
近接,近い
均等,同じ
吟味,選ぶ
区画,エリア
駆使,使いこなす
具体,中身
具備,備える
区分,分ける
苦慮,悩む
君臨,トップに立つ
訓練,練習
傾斜,傾き
傾注,力を入れる
系統,ジャンル
経緯,いきさつ,流れ
経過,途中
契機,きっかけ
警告,注意
掲載,載せる
傾倒,ハマる
系統,種類
軽微,ちょっとした
経費,お金
警備,見張り
契約,約束
経由,通って
系列,グループ
決意,決める
決壊,崩れる
決起,立ち上がる
決裁,ハンコ,承認
決して,絶対に
決勝,ファイナル
結成,作る
結束,団結
欠如,足りない
欠損,欠ける
決断,決める
欠乏,足りない
結論,答え
決裂,ダメになる
見解,意見,考え
権限,パワー
言語,言葉
検査,チェック
検索,探す
検証,確かめる
減少,減る
建設,作る
健全,ヘルシー,まとも
現存,ある
検知,見つける
限定,限る
原点,スタート,初心
限度,リミット
検討,考える
見当,予想
現場,ここ
憲法,ルール
研磨,磨く
権利,権利
権力,パワー
言論,意見
原理,仕組み
原料,材料
言及,触れる
減給,給料ダウン
言動,振る舞い
厳守,絶対守る
減少,減る
現状,今
建設,作る
現前,目の前
現存,今ある
減退,減る
限定,限る
原点,元
限度,限界
検討,考える
見当,予想
顕著,目立つ
現場,ここ
原文,元の文
厳密,細かい
賢明,賢い
倹約,節約
兼用,どっちも使う
権力,力
言論,話
語彙,ボキャブラリー
合意,OK
好意,好き
広義,広い意味
講義,授業
高貴,偉い
好機,チャンス
好奇,知りたい
好況,景気がいい
公共,みんなの
航空,飛行機
合計,トータル
貢献,役立つ
攻撃,アタック
高潔,きれい
工言,うまいこと言う
交互,かわりばんこ
工作,作る
考察,考える
孔子,先生
工事,工事
公示,お知らせ
公式,オフィシャル
後述,あとで言う
公私,オンオフ
口実,言い訳
更新,アップデート
行進,パレード
高水準,ハイレベル
構成,中身
合成,合体
公正,フェア
功績,実績
後世,未来
光線,ビーム
構造,仕組み
抗争,争い
高速,速い
拘束,縛る
後退,下がる
光沢,ツヤ
公団,団体
好転,良くなる
公認,オフィシャル
購入,買う
公表,発表
好評,人気
交付,渡す
興奮,ハイになる
降伏,負けを認める
公募,募集
巧妙,うまい
公務,お役所仕事
項目,リスト
公約,約束
効用,効果
小売,売る
効率,コスパ
公立,公立
考慮,考える
効力,効き目
孤立,ぼっち
固執,こだわる
個室,部屋
故障,壊れる
呼称,呼び名
誇張,盛る
国家,国
骨子,ポイント
固定,固める
事象,出来事,現象
事態,状況
実態,中身,リアル
実情,本当のとこ
質素,地味
実直,真面目
執筆,書く
実費,自腹
失費,出費
疾病,病気
質問,聞く
実利,メリット
実例,例
実録,記録
実話,本当の話
示唆,ヒント
資産,お金,財産
支持,応援
指示,命令
市場,マーケット
事情,ワケ
指針,ガイド
自信,自信
自身,自分
沈める,沈める
静まる,静かになる
自然,ナチュラル
思想,考え
事態,こと
辞退,断る
次第,〜による
時代,時代
下請,下請け
自治,自分たちでやる
実益,利益
実害,被害
実感,感じる
実技,実技
実況,実況
実験,テスト
現に,実際に
実現,叶う
実行,やる
実質,実質
実施,やる
実証,証明
実績,成果
実践,やってみる
実戦,本番
質素,シンプル
実体,本体
実地,現場
実直,まっすぐ
実務,仕事
実名,本名
実用,使う
実力,力
実例,例
質量,重さ
始動,スタート
自動,オート
品物,モノ
支配,コントロール
自発,自分から
芝居,演技
地盤,土台
紙幣,お札
至便,便利
脂肪,脂
志望,希望
死亡,亡くなる
資本,お金
司法,法律
死亡,死ぬ
姉妹,姉妹
自慢,自慢
事務,事務
使命,ミッション
指名,指名
締め,ラスト
視野,視界
試薬,薬
借款,借金
借金,借金
試薬,試す
車両,車
洒落,おしゃれ
種類,タイプ
主導,リード
手腕,腕前
首位,トップ
周囲,周り
収益,儲け
修学,勉強
周期,サイクル
宗教,宗教
終結,終わり
集結,集まる
就業,仕事
集合,集まり
収支,お金の出入り
終始,ずっと
修士,修士
習字,習字
収集,集める
修繕,直す
就職,就職
修正,直す
集成,まとめ
習性,クセ
修正,リライト
修整,整える
急速,速い
休息,休み
窮屈,きつい
救済,助ける
給仕,給仕
休止,休み
急死,急に死ぬ
吸収,吸う
救出,助ける
急所,ツボ
急上昇,急アップ
急伸,伸びる
急進,進む
旧姓,前の名字
急性,急な
急逝,亡くなる
休息,休憩
急速,速い
旧知,昔なじみ
急着,急いで着く
窮地,ピンチ
急追,追いかける
給定,決める
急転,急変
急務,急ぎの仕事
究明,突き止める
給与,給料
休養,休み
急用,急用
給料,お金
丘陵,丘
共有,シェア
享有,持つ
強要,無理強い
供用,使う
共用,みんなで使う
協力,手伝う
強力,強い
行楽,レジャー
許諾,OK
巨大,でかい
居住,住む
拒絶,断る
去就,進退
巨匠,大御所
拒否,イヤと言う
許容,OK
距離,距離
記録,メモ
議論,話し合い
疑惑,疑い
極限,限界
極致,極み
極度,すごく
極秘,ヒミツ
極論,極端な話
金銭,お金
金属,メタル
勤続,働く
近郊,近く
均衡,バランス
近在,近く
近視,近視
禁止,ダメ
近所,近所
心中,心の中
新人,ルーキー
信心,信じる
心情,気持ち
心身,体と心
申請,申し込む
真正,本物
神聖,神聖
親善,仲良く
真相,ホントのとこ
深層,深いとこ
心底,マジで
身体,体
進退,進むか引くか
診断,チェック
新築,新品
進捗,進み具合
浸透,広まる
進入,入る
侵入,入る
信任,信じる
信念,ポリシー
審判,ジャッジ
神秘,ミステリー
新聞,新聞
人物,人
辛抱,我慢
真理,真実
森林,森
侵略,攻める
診療,診察
進路,道
親和,相性
神話,神話
推移,変わり方
水準,レベル
推薦,おすすめ
垂直,まっすぐ
推定,予想
水滴,しずく
推定,推測
推論,推理
随一,一番
随意,自由
随時,いつでも
随所,あちこち
髄分,ずいぶん
数字,数字
崇拝,リスペクト
数理,数学
据置,そのまま
隙間,すきま
杉並,並木
救い,助け
優れ,いい
少し,ちょっと
凄じ,すごい
涼し,涼しい
進み,進む
勧め,おすすめ
雀,すずめ
図面,図
住居,家
頭脳,頭
素晴らしい,最高
素早い,速い
全て,全部
滑る,すべる
座る,座る
寸法,サイズ
正解,あたり
性格,キャラ
正確,ぴったり
生活,暮らし
世紀,世紀
正規,正式
正義,ジャスティス
生計,暮らし
政権,政府
清潔,きれい
制限,リミット
成功,やったね
精巧,細かい
政策,ポリシー
生産,作る
精算,計算
生死,生き死に
政治,政治
精進,頑張る
精神,心
成人,大人
聖人,聖人
新生,新しい
生成,作る
成績,スコア
製造,作る
生存,生きる
生体,体
声帯,声
生長,育つ
成長,伸びる
制定,決める
静的,止まってる
正統,正統派
政党,政党
制度,システム
生徒,生徒
正当,正しい
青年,若者
性能,スペック
製品,モノ
整備,整える
政府,政府
生物,生き物
成分,中身
性別,性別
正方,四角
製法,作り方
精密,細かい
声明,発表
税務,税金
声明,名前
制約,縛り
生理,生理
整理,整理
成立,成り立つ
政略,作戦
勢力,パワー
整列,並ぶ
善良,いい人
戦意,やる気
全員,みんな
戦果,成果
前回,前
全壊,全滅
全角,全角
全額,全部
感覚,センス
観客,お客さん
環境,環境
関係,関係
完結,終わり
歓迎,ウェルカム
完工,完成
刊行,出版
観光,観光
完済,返し終わる
観察,見る
監視,見張る
慣習,いつもの
観衆,観客
干渉,口出し
感触,手触り
歓声,声援
完成,できた
感性,センス
感染,うつる
幹線,メインルート
完全,パーフェクト
感想,コメント
乾燥,ドライ
観測,見る
艦隊,船
簡単,イージー
感嘆,すごい
官庁,役所
感度,感度
堪能,楽しむ
反応,リアクション
万能,何でもできる
官能,セクシー
繁忙,忙しい
販売,売る
反発,反抗
頻繁,しょっちゅう
分布,広がり
文法,ルール
憤慨,激おこ
粉砕,コナゴナ
分析,分析
噴出,吹き出す
紛争,争い
分担,分け合う
分断,分ける
奮闘,頑張る
分配,配る
分別,分ける
文脈,コンテキスト
文明,文明
分野,ジャンル
分離,分ける
分類,分ける
分裂,割れる
閉会,終わり
閉口,参る
閉鎖,閉じる
平然,平気
並走,並んで走る
兵隊,兵士
並大,普通
並列,並べる
閉路,閉じる
壁画,絵
癖,クセ
便宜,便利
変革,変える
偏見,バイアス
返却,返す
遍在,どこにでもある
返済,返す
変質,変わる
変種,変わり種
編集,編集
変身,変身
変遷,移り変わり
変則,イレギュラー
変体,変
変態,変態
全体,全部
変動,動く
弁護,かばう
返答,返事
変動,変動
変貌,変わる
弁明,言い訳
便利,便利
反乱,反乱
氾濫,あふれる
非議,文句
非行,悪さ
非行,非行
悲惨,ひどい
美辞,うまい言葉
非常,とても
微小,小さい
美女,美人
微少,少し
微々,ちょっと
微量,少し
敏感,敏感
貧困,貧乏
品質,クオリティ
頻出,よく出る
品種,種類
頻度,回数
貧富,貧乏と金持ち
不意,いきなり
封鎖,閉じる
風習,習わし
風俗,風俗
風潮,ムード
風景,景色
封鎖,封鎖
風刺,皮肉
不穏,怪しい
不可,ダメ
深海,深い海
不快,イヤ
不覚,うっかり
深紅,真っ赤
不可,無理
負荷,負担
普及,広まる
不朽,不滅
復旧,直る
不況,不景気
布教,広める
付近,近く
復元,元通り
複合,ミックス
福祉,福祉
不実,ウソ
不順,順調じゃない
不信,信じない
不振,イマイチ
不審,怪しい
不仁,冷たい
不尽,尽きない
不斉,揃ってない
不正,ズル
不精,めんどくさがり
付属,おまけ
不測,まさかの
不足,足りない
不束,未熟
付帯,おまけ
負担,負担
不断,絶えず
普通,フツー
復帰,戻る
復興,復活
沸騰,湧く
不当,不公平
不同,違う
不徳,自分のせい
不妊,不妊
腐敗,腐る
不備,ミス
不評,評判悪い
不便,不便
不法,違法
不満,文句
不眠,眠れない
不毛,無駄
不用,いらない
扶養,養う
不要,いらない
浮揚,浮く
付与,あげる
不乱,乱れない
不利,マイナス
不離,離れない
不倫,浮気
不良,ワル
不慮,思いがけない
俘虜,捕虜
付録,おまけ
不和,仲悪い
分化,分かれる
文化,カルチャー
分解,バラす
分外,分不相応
文外,文の外
分界,境目
分画,区切り
分轄,分ける
文官,役人
分管,分担
文感,文の感じ
分館,別館
噴気,噴き出す
分岐,分かれ道
分技,分ける技
分義,意味を分ける
文義,文の意味
文教,教育
分極,分かれる
分金,金を分ける
分権,権力を分ける
文献,資料
分限,身分
文言,言葉
分校,分校
文語,書き言葉
分光,光を分ける
分厚,分厚い
文才,文の才能
分載,分けて載せる
分際,身分
分作,分けて作る
分冊,分冊
散々,ひどい
参照,見る
賛成,賛成
賛美,褒める
参謀,参謀
山林,山
散乱,散らかる
残留,残る
事案,案件
私案,私案
治安,治安
事績,実績
自責,自分のせい
次善,セカンドベスト
事前,前もって
慈善,ボランティア
事象,現象
自尊,プライド
事態,状況
辞退,断る
実態,実態
失態,ミス
嫉妬,嫉妬
執刀,手術
執筆,書く
実父,お父さん
疾風,風
実母,お母さん
質問,質問
実用,実用
実利,実利
実録,実録
実話,実話
指定,指定
私邸,家
至適,最適
指摘,ツッコむ
支店,支店
始点,スタート
視点,視点
支店,店
至当,もっとも
使途,使い道
死闘,死闘
指導,指導
始動,始動
自動,自動
市道,市道
私道,私道
至難,至難
指南,指南
視認,見る
至福,幸せ
私服,私服
至宝,宝
司法,司法
私法,私法
手法,やり方
脂肪,脂肪
志望,志望
死亡,死亡
子母,母子
四方,四方
至妙,うまい
指名,指名
使命,使命
試問,テスト
諮問,諮問
視野,視野
試薬,試薬
主因,主な原因
手淫,自慰
衆院,衆議院
周縁,周り
主演,主演
主演,主演
終焉,終わり
主音,主音
愁怨,恨み
祝宴,パーティー
縮延,縮める
祝延,祝う
宿縁,因縁
祝言,祝い
縮減,減らす
手腕,腕前
主眼,主眼
種別,種類
区別,分ける
差別,差別
特別,特別
判別,見分ける
分別,分別
鑑別,見分ける
個別,個々
識別,見分ける
選別,選ぶ
分別,分別
訣別,別れ
死別,死に別れ
送別,送る
惜別,別れ
軒並み,みんな
人並み,普通
月並み,ありふれた
毛並み,育ち
